<assessmentItem xmlns="http://www.imsglobal.org/xsd/imsqti_item_v2p0" xmlns:xsi="http://www.w3.org/2001/XMLSchema-instance" xsi:schemaLocation="http://www.imsglobal.org/xsd/imsqti_item_v2p0 ./imsqti_item_v2p0.xsd" identifier="question210" title="Ch. 12 Reduction" adaptive="false" timeDependent="false">
	<responseDeclaration identifier="question210matching" cardinality="multiple" baseType="directedPair">
		<correctResponse>
   						<value>q76 a76</value>
   						<value>q77 a77</value>
   						<value>q78 a78</value>
   						<value>q79 a79</value>
   						<value>q80 a80</value>
   				</correctResponse>

		<mapping defaultValue="0">
   		   		   <mapEntry mapKey="q76 a76" mappedValue="1"/>
   		   		   <mapEntry mapKey="q77 a77" mappedValue="1"/>
   		   		   <mapEntry mapKey="q78 a78" mappedValue="1"/>
   		   		   <mapEntry mapKey="q79 a79" mappedValue="1"/>
   		   		   <mapEntry mapKey="q80 a80" mappedValue="1"/>
   				</mapping>
	</responseDeclaration>
	<outcomeDeclaration identifier="SCORE" cardinality="single" baseType="float"/>

	<itemBody>
		<p>Match the description with idea reduction steps</p>
		<div class="interactive.match">
			<matchInteraction responseIdentifier="question210matching" shuffle="false" maxAssociations="5">
				<simpleMatchSet>
           		    				<simpleAssociableChoice identifier="q76" matchMax="1">Visit each generated idea looking for quick agreement by the group that the idea is OK.</simpleAssociableChoice>
           		    				<simpleAssociableChoice identifier="q77" matchMax="1">Putting related ideas together and naming them.</simpleAssociableChoice>
           		    				<simpleAssociableChoice identifier="q78" matchMax="1">Providing a 1-sentence description of the idea</simpleAssociableChoice>
           		    				<simpleAssociableChoice identifier="q79" matchMax="1">Voting, Categorizing, Ranking, etc.</simpleAssociableChoice>
           		    				<simpleAssociableChoice identifier="q80" matchMax="1"></simpleAssociableChoice>
           						</simpleMatchSet>
				<simpleMatchSet>
           		    				<simpleAssociableChoice identifier="a76" matchMax="5">Pruning ideas</simpleAssociableChoice>
           		    				<simpleAssociableChoice identifier="a77" matchMax="5">Grouping ideas</simpleAssociableChoice>
           		    				<simpleAssociableChoice identifier="a78" matchMax="5">Defining Features</simpleAssociableChoice>
           		    				<simpleAssociableChoice identifier="a79" matchMax="5">Prioritizing Ideas</simpleAssociableChoice>
           		    				<simpleAssociableChoice identifier="a80" matchMax="5">Web-based Brainstorming</simpleAssociableChoice>
           						</simpleMatchSet>
			</matchInteraction>
		</div>
		</itemBody>
	<responseProcessing xmlns="http://www.imsglobal.org/xsd/imsqti_item_v2p0" xmlns:xsi="http://www.w3.org/2001/XMLSchema-instance" xsi:schemaLocation="http://www.imsglobal.org/xsd/imsqti_item_v2p0 ../imsqti_item_v2p0.xsd">
		<responseCondition>

			<responseIf>
				<isNull>
					<variable identifier="question210matching"/>
				</isNull>
				<setOutcomeValue identifier="SCORE">
					<baseValue baseType="integer">0</baseValue>
				</setOutcomeValue>
			</responseIf>

			<responseElse>
				<setOutcomeValue identifier="SCORE">
					<mapResponse identifier="question210matching"/>
				</setOutcomeValue>
			</responseElse>
		</responseCondition>
	</responseProcessing>
</assessmentItem>
