<assessmentItem xmlns="http://www.imsglobal.org/xsd/imsqti_item_v2p0" xmlns:xsi="http://www.w3.org/2001/XMLSchema-instance" xsi:schemaLocation="http://www.imsglobal.org/xsd/imsqti_item_v2p0 ./imsqti_item_v2p0.xsd" identifier="question189" title="REQS Ch. 8 User and Dev" adaptive="false" timeDependent="false">
	<responseDeclaration identifier="question189matching" cardinality="multiple" baseType="directedPair">
		<correctResponse>
   						<value>q64 a64</value>
   						<value>q65 a65</value>
   						<value>q66 a66</value>
   						<value>q67 a67</value>
   						<value>q68 a68</value>
   				</correctResponse>

		<mapping defaultValue="0">
   		   		   <mapEntry mapKey="q64 a64" mappedValue="1"/>
   		   		   <mapEntry mapKey="q65 a65" mappedValue="1"/>
   		   		   <mapEntry mapKey="q66 a66" mappedValue="1"/>
   		   		   <mapEntry mapKey="q67 a67" mappedValue="1"/>
   		   		   <mapEntry mapKey="q68 a68" mappedValue="1"/>
   				</mapping>
	</responseDeclaration>
	<outcomeDeclaration identifier="SCORE" cardinality="single" baseType="float"/>

	<itemBody>
		<p>The "User and Developer" problem is a fundamental communication problem. Match the communication problem with the recommended possible solution.</p>
		<div class="interactive.match">
			<matchInteraction responseIdentifier="question189matching" shuffle="false" maxAssociations="5">
				<simpleMatchSet>
           		    				<simpleAssociableChoice identifier="q64" matchMax="1">Users are unable to communicate what they want</simpleAssociableChoice>
           		    				<simpleAssociableChoice identifier="q65" matchMax="1">Users think they know what they want until someone gives it to them</simpleAssociableChoice>
           		    				<simpleAssociableChoice identifier="q66" matchMax="1">The solution provider thinks they know what is needed more than the users do</simpleAssociableChoice>
           		    				<simpleAssociableChoice identifier="q67" matchMax="1">The situation is politically charged</simpleAssociableChoice>
           		    				<simpleAssociableChoice identifier="q68" matchMax="1"></simpleAssociableChoice>
           						</simpleMatchSet>
				<simpleMatchSet>
           		    				<simpleAssociableChoice identifier="a64" matchMax="5">Try more than one elicitation technique</simpleAssociableChoice>
           		    				<simpleAssociableChoice identifier="a65" matchMax="5">Alternative elicitation techniques and prototyping</simpleAssociableChoice>
           		    				<simpleAssociableChoice identifier="a66" matchMax="5">Role playing</simpleAssociableChoice>
           		    				<simpleAssociableChoice identifier="a67" matchMax="5">Understand and deal with it, these situations are real life</simpleAssociableChoice>
           		    				<simpleAssociableChoice identifier="a68" matchMax="5">Confront the situation and bring the problem to light</simpleAssociableChoice>
           						</simpleMatchSet>
			</matchInteraction>
		</div>
		</itemBody>
	<responseProcessing xmlns="http://www.imsglobal.org/xsd/imsqti_item_v2p0" xmlns:xsi="http://www.w3.org/2001/XMLSchema-instance" xsi:schemaLocation="http://www.imsglobal.org/xsd/imsqti_item_v2p0 ../imsqti_item_v2p0.xsd">
		<responseCondition>

			<responseIf>
				<isNull>
					<variable identifier="question189matching"/>
				</isNull>
				<setOutcomeValue identifier="SCORE">
					<baseValue baseType="integer">0</baseValue>
				</setOutcomeValue>
			</responseIf>

			<responseElse>
				<setOutcomeValue identifier="SCORE">
					<mapResponse identifier="question189matching"/>
				</setOutcomeValue>
			</responseElse>
		</responseCondition>
	</responseProcessing>
</assessmentItem>
