<?xml version="1.0" encoding="UTF-8"?><assessmentItem xmlns="http://www.imsglobal.org/xsd/imsqti_item_v2p0" xmlns:xsi="http://www.w3.org/2001/XMLSchema-instance" xsi:schemaLocation="http://www.imsglobal.org/xsd/imsqti_item_v2p0 ./imsqti_item_v2p0.xsd" identifier="question196" title="REQS CH. 10 conducting" adaptive="false" timeDependent="false">
	<responseDeclaration identifier="question196truefalse" cardinality="single" baseType="identifier">
		<correctResponse>
			<value></value>
		</correctResponse>
		<mapping defaultValue="0">
			<mapEntry mapKey="" mappedValue=""/>
		</mapping>

	</responseDeclaration>
	<outcomeDeclaration identifier="SCORE" cardinality="single" baseType="float">
		<defaultValue>
			<value>0</value>
		</defaultValue>
	</outcomeDeclaration>
	<itemBody>
		<p>When conducting the interview, you should stop the stakeholder from rambling on and on, and instead cut them off and go on to the next question to make sure you make the best use of the time.</p>
		<div class="intreactive.choiceSimple">
			<choiceInteraction responseIdentifier="question196truefalse" shuffle="false" maxChoices="1">
    						<simpleChoice identifier="">True                
								</simpleChoice>
    						<simpleChoice identifier="">False                
								</simpleChoice>
    					</choiceInteraction>
			</div>
	</itemBody>
	<responseProcessing xmlns="http://www.imsglobal.org/xsd/imsqti_item_v2p0" xmlns:xsi="http://www.w3.org/2001/XMLSchema-instance" xsi:schemaLocation="http://www.imsglobal.org/xsd/imsqti_item_v2p0 ../imsqti_item_v2p0.xsd">
		<responseCondition>
			<responseIf>

				<match>
					<variable identifier="question196truefalse"/>
					<correct identifier="question196truefalse"/>
				</match>
				<setOutcomeValue identifier="SCORE">
					<baseValue baseType="float">1</baseValue>
				</setOutcomeValue>
			</responseIf>

			<responseElse>
				<setOutcomeValue identifier="SCORE">
					<baseValue baseType="float">0</baseValue>
				</setOutcomeValue>
			</responseElse>
		</responseCondition>
        <setOutcomeValue identifier="FEEDBACK">
            <variable identifier="question196truefalse"/>
        </setOutcomeValue>		
	</responseProcessing>
	        	        	</assessmentItem>
