<assessmentItem xmlns="http://www.imsglobal.org/xsd/imsqti_item_v2p0" xmlns:xsi="http://www.w3.org/2001/XMLSchema-instance" xsi:schemaLocation="http://www.imsglobal.org/xsd/imsqti_item_v2p0 ./imsqti_item_v2p0.xsd" identifier="question204" title="Ch. 11 Preparation" adaptive="false" timeDependent="false">
	<responseDeclaration identifier="question204matching" cardinality="multiple" baseType="directedPair">
		<correctResponse>
   						<value>q69 a69</value>
   						<value>q70 a70</value>
   						<value>q71 a71</value>
   						<value>q72 a72</value>
   						<value>q73 a73</value>
   						<value>q74 a74</value>
   						<value>q75 a75</value>
   				</correctResponse>

		<mapping defaultValue="0">
   		   		   <mapEntry mapKey="q69 a69" mappedValue="1"/>
   		   		   <mapEntry mapKey="q70 a70" mappedValue="1"/>
   		   		   <mapEntry mapKey="q71 a71" mappedValue="1"/>
   		   		   <mapEntry mapKey="q72 a72" mappedValue="1"/>
   		   		   <mapEntry mapKey="q73 a73" mappedValue="1"/>
   		   		   <mapEntry mapKey="q74 a74" mappedValue="1"/>
   		   		   <mapEntry mapKey="q75 a75" mappedValue="1"/>
   				</mapping>
	</responseDeclaration>
	<outcomeDeclaration identifier="SCORE" cardinality="single" baseType="float"/>

	<itemBody>
		<p>Match the workshop preparation activity to the description of the concept</p>
		<div class="interactive.match">
			<matchInteraction responseIdentifier="question204matching" shuffle="false" maxAssociations="7">
				<simpleMatchSet>
           		    				<simpleAssociableChoice identifier="q69" matchMax="1">Communicate the benefits of the workshop approach to members of the team</simpleAssociableChoice>
           		    				<simpleAssociableChoice identifier="q70" matchMax="1">Identify the right people who can contribute to the process or whose needs will be met</simpleAssociableChoice>
           		    				<simpleAssociableChoice identifier="q71" matchMax="1">&quot;Get their minds right&quot;</simpleAssociableChoice>
           		    				<simpleAssociableChoice identifier="q72" matchMax="1">This activity is important because this person plays a pivotal role in the workshop's success</simpleAssociableChoice>
           		    				<simpleAssociableChoice identifier="q73" matchMax="1">Approaching preparation with a high degree of professionalism conveys its importance to participants.</simpleAssociableChoice>
           		    				<simpleAssociableChoice identifier="q74" matchMax="1"></simpleAssociableChoice>
           		    				<simpleAssociableChoice identifier="q75" matchMax="1"></simpleAssociableChoice>
           						</simpleMatchSet>
				<simpleMatchSet>
           		    				<simpleAssociableChoice identifier="a69" matchMax="7">Selling the Concept</simpleAssociableChoice>
           		    				<simpleAssociableChoice identifier="a70" matchMax="7">Ensuring the Participation of the Right Stakeholders</simpleAssociableChoice>
           		    				<simpleAssociableChoice identifier="a71" matchMax="7">Providing Warm-up Materials</simpleAssociableChoice>
           		    				<simpleAssociableChoice identifier="a72" matchMax="7">Choosing the Facilitator</simpleAssociableChoice>
           		    				<simpleAssociableChoice identifier="a73" matchMax="7">Attending to Logistics</simpleAssociableChoice>
           		    				<simpleAssociableChoice identifier="a74" matchMax="7">Project-specific information</simpleAssociableChoice>
           		    				<simpleAssociableChoice identifier="a75" matchMax="7">Setting the Agenda</simpleAssociableChoice>
           						</simpleMatchSet>
			</matchInteraction>
		</div>
		</itemBody>
	<responseProcessing xmlns="http://www.imsglobal.org/xsd/imsqti_item_v2p0" xmlns:xsi="http://www.w3.org/2001/XMLSchema-instance" xsi:schemaLocation="http://www.imsglobal.org/xsd/imsqti_item_v2p0 ../imsqti_item_v2p0.xsd">
		<responseCondition>

			<responseIf>
				<isNull>
					<variable identifier="question204matching"/>
				</isNull>
				<setOutcomeValue identifier="SCORE">
					<baseValue baseType="integer">0</baseValue>
				</setOutcomeValue>
			</responseIf>

			<responseElse>
				<setOutcomeValue identifier="SCORE">
					<mapResponse identifier="question204matching"/>
				</setOutcomeValue>
			</responseElse>
		</responseCondition>
	</responseProcessing>
</assessmentItem>
