<?xml version="1.0" encoding="UTF-8"?><assessmentItem xmlns="http://www.imsglobal.org/xsd/imsqti_item_v2p0" xmlns:xsi="http://www.w3.org/2001/XMLSchema-instance" xsi:schemaLocation="http://www.imsglobal.org/xsd/imsqti_item_v2p0 ./imsqti_item_v2p0.xsd" identifier="question169" title="SDLC: Incremental" adaptive="false" timeDependent="false">
	<responseDeclaration identifier="question169shortanswer" cardinality="multiple" baseType="string">
		<correctResponse>
					<value>smaller portions at a time</value>
					<value>smaller * time</value>
				</correctResponse>
		<mapping lowerBound="0" upperBound="1" defaultValue="0">
				    			<mapEntry mapKey="smaller portions at a time" mappedValue="1" />
							    			<mapEntry mapKey="smaller * time" mappedValue="0.8" />
							</mapping>
	</responseDeclaration>
	<outcomeDeclaration identifier="SCORE" cardinality="single" baseType="float"/>
	<itemBody>
		<p>The incremental part of the "Iterative and Incremental" software lifecycle process refers to developing the software in</p>
		<div class="interactive.textEntry">
            <textEntryInteraction responseIdentifier="question169shortanswer" expectedLength="15"/>
		</div>
		</itemBody>
	<responseProcessing xmlns="http://www.imsglobal.org/xsd/imsqti_item_v2p0" xmlns:xsi="http://www.w3.org/2001/XMLSchema-instance" xsi:schemaLocation="http://www.imsglobal.org/xsd/imsqti_item_v2p0 ../imsqti_item_v2p0.xsd">
		<responseCondition>
			<responseIf>
				<isNull>
					<variable identifier="question169shortanswer"/>
				</isNull>
				<setOutcomeValue identifier="SCORE">
					<baseValue baseType="integer">0</baseValue>
				</setOutcomeValue>
			</responseIf>
			<responseElse>
				<setOutcomeValue identifier="SCORE">
					<mapResponse identifier="question169shortanswer"/>
				</setOutcomeValue>
			</responseElse>
		</responseCondition>
	</responseProcessing>
</assessmentItem>
