<?xml version="1.0" encoding="UTF-8"?><assessmentItem xmlns="http://www.imsglobal.org/xsd/imsqti_v2p0"
				xmlns:xsi="http://www.w3.org/2001/XMLSchema-instance"
				xsi:schemaLocation="http://www.imsglobal.org/xsd/imsqti_v2p0 imsqti_v2p0.xsd"
				identifier="question166" title="SDLC: Spiral Pros" adaptive="false" timeDependent="false">
	<responseDeclaration identifier="question166multichoice" cardinality="multiple" baseType="identifier">
		<correctResponse>
					<value>528</value>
					<value>529</value>
					<value>530</value>
				</correctResponse>
	</responseDeclaration>
	<outcomeDeclaration identifier="SCORE" cardinality="single" baseType="float">
		<defaultValue>
			<value>0</value>
		</defaultValue>
	</outcomeDeclaration>
	<outcomeDeclaration identifier="FEEDBACK" cardinality="multiple" baseType="identifier"/>
	<outcomeDeclaration identifier="FEEDBACK2" cardinality="single" baseType="identifier"/>
	<itemBody>
	   <div class="assesmentItemBody">
		<p>What are some of the benefits of the Spiral model? Choose all that apply.</p>
       </div>
			<div class="interactive.choiceMultiple">
			<choiceInteraction responseIdentifier="question166multichoice" shuffle="false" maxChoices="4">
    						<simpleChoice identifier="i528">Adapts well to change                
								</simpleChoice>
    						<simpleChoice identifier="i529">Identifies risks early on                
								</simpleChoice>
    						<simpleChoice identifier="i530">Strong emphasis on prototyping                
								</simpleChoice>
    						<simpleChoice identifier="i531">Is easy to understand and execute                
								</simpleChoice>
    					</choiceInteraction>
		</div>
	</itemBody>
	<responseProcessing> 
				<responseCondition>
			<responseIf>
				<member>
					<baseValue baseType="identifier">i528</baseValue>
					<variable identifier="question166multichoice"/>
				</member>
				<setOutcomeValue identifier="SCORE">
					<sum>
						<variable identifier="SCORE"/>
						<baseValue baseType="float">0.33333</baseValue>
					</sum>
				</setOutcomeValue>
			</responseIf>
		</responseCondition>
				<responseCondition>
			<responseIf>
				<member>
					<baseValue baseType="identifier">i529</baseValue>
					<variable identifier="question166multichoice"/>
				</member>
				<setOutcomeValue identifier="SCORE">
					<sum>
						<variable identifier="SCORE"/>
						<baseValue baseType="float">0.33333</baseValue>
					</sum>
				</setOutcomeValue>
			</responseIf>
		</responseCondition>
				<responseCondition>
			<responseIf>
				<member>
					<baseValue baseType="identifier">i530</baseValue>
					<variable identifier="question166multichoice"/>
				</member>
				<setOutcomeValue identifier="SCORE">
					<sum>
						<variable identifier="SCORE"/>
						<baseValue baseType="float">0.33333</baseValue>
					</sum>
				</setOutcomeValue>
			</responseIf>
		</responseCondition>
				<responseCondition>
			<responseIf>
				<member>
					<baseValue baseType="identifier">i531</baseValue>
					<variable identifier="question166multichoice"/>
				</member>
				<setOutcomeValue identifier="SCORE">
					<sum>
						<variable identifier="SCORE"/>
						<baseValue baseType="float">-0.25</baseValue>
					</sum>
				</setOutcomeValue>
			</responseIf>
		</responseCondition>
				<responseCondition>
			<responseIf>
				<lte>
					<variable identifier="SCORE"/>
					<baseValue baseType="float">0</baseValue>
				</lte>
				<setOutcomeValue identifier="SCORE">
					<baseValue baseType="float">0</baseValue>
				</setOutcomeValue>
				<setOutcomeValue identifier="FEEDBACK2">
					<baseValue baseType="identifier">INCORRECT</baseValue>
				</setOutcomeValue>
			</responseIf>
			<responseElseIf>
				<gte>
					<variable identifier="SCORE"/>
					<baseValue baseType="float">0.99</baseValue>
				</gte>
				<setOutcomeValue identifier="SCORE">
					<baseValue baseType="float">1</baseValue>
				</setOutcomeValue>
				<setOutcomeValue identifier="FEEDBACK2">
					<baseValue baseType="identifier">CORRECT</baseValue>
				</setOutcomeValue>
			</responseElseIf>
			<responseElse>
				<setOutcomeValue identifier="FEEDBACK2">
					<baseValue baseType="identifier">PARTIAL</baseValue>
				</setOutcomeValue>
			</responseElse>
		</responseCondition>
        <setOutcomeValue identifier="FEEDBACK">
            <variable identifier="question166multichoice"/>
        </setOutcomeValue>		
	</responseProcessing>
                </assessmentItem>
